{
  "seq_lengths": [
    128,
    256,
    512,
    1024,
    2048,
    4096
  ],
  "vanilla": {
    "time_ms": [
      0.3391799992338444,
      0.426359999498042,
      0.7132600003387779,
      1.6654533334076405,
      5.050653333698088,
      24.09356666612439
    ],
    "memory_kb": [
      1.0859375,
      1.0859375,
      1.1171875,
      1.1171875,
      1.1171875,
      1.1171875
    ]
  },
  "ticsc": {
    "time_ms": [
      0.31073333326882374,
      0.3149133340533202,
      0.41277333317945397,
      0.6028200004948303,
      0.726833333222506,
      1.0198733332799748
    ],
    "memory_kb": [
      1.607421875,
      1.630859375,
      1.662109375,
      1.662109375,
      1.662109375,
      1.662109375
    ]
  }
}